3,Creative,1500,2,150,24,0,Art,vinothini,2015-03-12,1,1,2015-07-20,0,1,24
6,"Newproject 1",200,1,200,11,1,Photography,vinothini,2015-02-21,1,0,0000-00-00,0,1,11
7,"sample comics",1000,2,150,30,0,Comics,vinothini,2015-03-27,0,0,0000-00-00,0,1,30
8,"sample art of plant testing t",1200,0,0,59,0,Dance,vinothini,2015-03-25,2,2,2015-07-21,0,1,59
9,"sample design",320,0,0,7,0,Design,vinothini,2015-03-25,0,0,0000-00-00,0,1,7
10,"sample fashion",200,0,0,9,0,Fashion,vinothini,2015-03-25,0,0,0000-00-00,0,1,9
11,"sample food",300,0,0,10,0,Food,vinothini,2015-03-27,0,0,0000-00-00,0,1,10
12,"sample games",400,0,0,8,0,Games,vinothini,2015-03-27,0,0,0000-00-00,0,1,8
13,"sample music",180,0,0,15,0,Music,vinothini,2015-03-22,0,0,0000-00-00,0,1,15
14,"sample technology",1000,1,1000,2015-07-30,0,Technology,vinothini,2015-03-27,0,0,2015-07-16,0,1,2015
17,test,0,0,0,,0,Art,vinothini,2015-04-01,0,0,0000-00-00,0,1,0
18,"Photography of Yellow flowers",200,0,0,20,0,Photography,Vinothini,2015-04-01,0,0,0000-00-00,0,1,20
21,Art1,100,0,0,20,0,Art,Mark,2015-04-04,0,0,0000-00-00,0,1,20
22,"sample art of plant",200,0,0,60,0,Art,vinothini,2015-04-09,2,2,2015-06-01,0,1,60
23,"Testing purpose - Dance",0,0,0,,0,Dance,Aravind,2015-04-13,0,0,0000-00-00,0,1,0
25,Sample1,200,1,2,26,0,Art,Mark,2015-04-17,2,2,2015-04-17,0,1,26
26,Species,200,0,0,35,0,Design,Mark,2015-04-18,1,0,0000-00-00,0,1,35
27,Comics,0,0,0,,0,Comics,Mark,2015-04-29,0,0,0000-00-00,0,1,0
29,"Wonderful: An eruption of life",600,0,0,30,0,"Film & Video",maria,2015-05-05,2,2,2015-05-06,0,1,30
30,"Tiko - The Unibody 3D Printer",1000,5,5500,15,0,Theater,vinothini,2015-05-07,2,2,2015-05-08,0,1,15
31,"Rhino Slider EVO - Motorized Camera Slider",5000,4,410,1,0,Technology,vinothini,2015-05-08,2,2,2015-05-08,0,1,1
32,"THE LONG YEAR and BLACK EYES",650,0,0,50,0,Comics,Clare,2015-05-08,0,0,0000-00-00,0,1,50
34,"Lakota Crafts 2015 New Store All Native American Art",5000,0,0,60,0,Crafts,peter,2015-05-08,2,2,2015-05-11,0,1,60
36,"Floraverse - Seeds: A Mini Story, bringing Book One to Print",650,0,0,50,0,Comics,Clare,2015-05-08,0,0,0000-00-00,0,1,50
37,"Music of the Spheres",400,0,0,60,0,Art,smith,2015-05-08,2,2,2015-05-08,0,1,60
38,"MAE Graphic Novel",650,0,0,50,0,Comics,Clare,2015-05-08,2,2,2015-05-08,1,1,50
40,Sierra,450,0,0,45,0,Dance,jamie,2015-05-11,2,2,2015-05-11,0,1,45
42,"Adopt and name these cute storage jar characters.",5000,0,0,60,0,Design,peter,2015-05-11,2,2,2015-05-11,0,1,60
43,"The NM Ballet Co. presents ""Choreographers",400,0,0,30,0,Dance,jamie,2015-05-11,2,2,2015-05-11,0,1,30
45,"Â£4 Drawings by Red Ted",2000,0,0,55,0,Art,smith,2015-05-11,2,2,2015-05-12,0,1,55
46,"Ladislav Sutnar: Visual Design in Action - Facsimile Edition",4000,0,0,60,0,Design,peter,2015-05-11,2,2,2015-05-11,0,1,60
47,"Memorial Day of Dance at the Eisemann Center",1000,0,0,60,0,Dance,jamie,2015-05-11,2,2,2015-05-11,0,1,60
49,"SolarPuff: A Unique Little Solar Light",4000,0,0,60,0,Design,peter,2015-05-11,2,2,2015-05-11,0,1,60
50,"The Wormworld Saga Book Edition - Volume 2",300,2,20,30,0,Comics,jamie,2015-05-11,2,2,2015-05-11,0,1,30
51,"Baby Teith: Super Cool Fashion for Baby & Kids",450,0,0,45,0,Fashion,jamie,2015-05-11,2,2,2015-05-11,0,1,45
52,"African Tribal Cuisine thru Experiential Dinners",3000,0,0,60,0,Food,peter,2015-05-11,0,0,0000-00-00,0,1,60
53,"The Titan Series",250,0,0,25,0,Games,jamie,2015-05-11,2,2,2015-05-12,0,1,25
54,"Zoplay Photoz",10000,1,10,50,0,Photography,Anand,2015-05-11,2,2,2015-05-11,0,1,50
56," ""Love Songs"" A Music Film Project by Katie Kat by Katie Kat",5000,0,0,50,0,Music,smith,2015-05-12,0,0,0000-00-00,0,1,50
58,"Romeo & Juliet",5000,2,200,60,0,Theater,peter,2015-05-13,2,2,2015-05-13,2,1,60
59,"Norbert & Lil BUB Picture Book",3000,0,0,55,0,Publishing,smith,2015-05-13,2,2,2015-05-13,0,1,55
61,"The Doubleclicks: ",5000,0,0,60,0,Music,smith,2015-05-13,2,2,2015-05-13,0,1,60
62,"reAPPEARANCES a limited edition photography book",1000,0,0,60,0,Photography,jamie,2015-05-14,2,2,2015-05-14,0,1,60
63,"Fresh, Healthy, Sustainable: Cricket Protein.",6000,0,0,60,0,Food,peter,2015-05-14,2,2,2015-05-14,0,1,60
64,"Inspire Us, America!",6000,0,0,60,0,Journalism,smith,2015-05-14,2,2,2015-05-14,0,1,60
66,Simplecampaign,500,0,0,30,0,Comics,Jesika,2015-05-14,0,0,2015-05-14,0,1,30
67,dance,200,0,0,3,0,Dance,saleh,2015-05-16,0,0,0000-00-00,0,1,3
68,dancey,200,0,0,1,0,Design,saleh,2015-05-16,1,0,0000-00-00,0,1,1
69,"New World: A Sci-Fi/Fantasy Anthology",400,0,0,3,0,Art,caddy,2015-05-18,2,2,2015-05-18,0,1,3
70,"Sun Cedar Kickstart! Employment for our at-risk community.",0,0,0,,0,Crafts,peter,2015-05-18,0,0,0000-00-00,0,1,0
71,"Introducing Liteseeds, LED Stickers",6000,0,0,60,0,Crafts,peter,2015-05-18,2,2,2015-05-18,0,1,60
72,"Ctrl+Alt+Del 1.0: The Box Set",8000,0,0,60,0,Comics,peter,2015-05-18,2,2,2015-05-18,0,1,60
73,"The Thirst Windbreaker",3000,0,0,50,0,Fashion,smith,2015-05-18,2,2,2015-05-18,0,1,50
74,"Knitcircus Studio: Gradient Yarns and Craft Community",4000,0,0,60,0,Crafts,peter,2015-05-18,2,2,2015-05-18,0,1,60
75,"The Maru Photo/Moto Jacket",5000,0,0,40,0,Fashion,smith,2015-05-18,2,2,2015-05-18,0,1,40
77,"The Paradise Garage Movie: Larry Levan & Michael Brody Story",5000,0,0,55,0,"Film & Video",smith,2015-05-18,2,2,2015-05-20,0,1,55
79,"The Fresh Connection NYC: We",7000,1,10,60,0,Food,peter,2015-05-19,2,2,2015-05-19,0,1,60
80,"Community Loaves. Small Bakery needs Big Oven.",5000,0,0,60,0,Food,peter,2015-05-19,2,2,2015-05-19,0,1,60
81,"Yooka-Laylee - A 3D Platformer Rare-vival!",7000,0,0,60,0,Games,peter,2015-05-19,2,2,2015-05-19,0,1,60
83,"THE LOST CAFE` film",20000,0,0,50,0,"Film & Video",smith,2015-05-20,2,2,2015-05-20,0,1,50
84,"Puppy Dogs from Space",10000,0,0,55,0,Games,smith,2015-05-20,2,2,2015-05-20,0,1,55
85,"BODY Play - New Draft New England Tour",5000,0,0,60,0,Theater,peter,2015-05-20,2,2,2015-05-20,0,1,60
86,"Thimble Theatre presents: Walk Ashore",4000,0,0,60,0,Theater,peter,2015-05-20,2,2,2015-05-20,0,1,60
88,"WordRates & PitchLab: Fixing Journalism since mid-2015",6000,0,0,60,0,Publishing,peter,2015-05-20,2,2,2015-05-20,0,1,60
89,"Sarah Potenza, ""My Turn""",3000,0,0,60,0,Music,peter,2015-05-20,2,2,2015-05-20,0,1,60
90,"Puppy Dogs from Spacen",0,0,0,,0,Art,ariya,2015-05-20,0,0,0000-00-00,0,1,0
91,dfd,0,0,0,,0,Art,ariya,2015-05-21,0,0,0000-00-00,0,1,0
92,"A book of Light and Shadows: Quinta da Regaleira",5000,0,0,45,0,Photography,ariya,2015-05-21,2,2,2015-05-21,0,1,45
93,"MAE Graphic ",100,0,0,1,0,Comics,john,2015-05-21,2,2,2015-05-21,0,1,1
94,"A Raven music channel, we are kids making music videos",100,5,250,1,1,Music,caddy,2015-05-22,2,2,2015-05-22,0,1,1
97,"asdfasdf test",100,0,0,29,0,Art,vinothini,2015-06-18,0,0,0000-00-00,0,1,29
98,mongo,1500,0,0,7,0,Games,vinothini,2015-07-06,0,0,0000-00-00,0,0,7
99,"test photgraphy",1200,0,0,4,0,Photography,vinothini,2015-07-06,0,0,0000-00-00,0,0,4
100,Mario,1,0,0,2,0,Games,vinothini,2015-07-07,0,0,0000-00-00,0,0,2
101,"demo ",12,0,0,7,0,Art,vinothini,2015-07-07,0,0,0000-00-00,0,0,7
102,"art demo",1,0,0,1,0,Art,test,2015-07-13,0,0,0000-00-00,0,0,1
103,"Mario test    ",50,0,0,4,0,Art,vinothini,2015-07-14,0,0,0000-00-00,0,0,4
104,rvd,0,0,0,,0,Comics,test,2015-07-23,2,2,0000-00-00,0,0,0
